Height ,Weight ,Age ,Grip strength ,Frailty 
65.8 ,112 ,30 ,30 ,N 
71.5 ,136 ,19 ,31 ,N 
69.4 ,153 ,45 ,29 ,N 
68.2 ,142 ,22 ,28 ,Y 
67.8 ,144 ,29 ,24 ,Y 
68.7 ,123 ,50 ,26 ,N 
69.8 ,141 ,51 ,22 ,Y 
70.1 ,136 ,23 ,20 ,Y 
67.9 ,112 ,17 ,19 ,N 
66.8 ,120 ,39 ,31 ,N 
